id,link_id,text,predicted_gender_comment,comment_wordcount,subreddit,created_utc,fear_comment,anger_comment,anticip_comment,trust_comment,surprise_comment,positive_comment,negative_comment,sadness_comment,disgust_comment,joy_comment,care_comment,fairness_comment,loyalty_comment,authority_comment,purity_comment,non_moral_comment,sentistrength_pos_comment,sentistrength_neg_comment,sentistrength_neutral_comment,name,predicted_gender_post,post_wordcount,title_wordcount,ups,author_premium,is_self,no_follow,title,selftext,fear_post,anger_post,anticip_post,trust_post,surprise_post,positive_post,negative_post,sadness_post,disgust_post,joy_post,care_post,fairness_post,loyalty_post,authority_post,purity_post,non_moral_post,sentistrength_pos_post,sentistrength_neg_post,sentistrength_neutral_post
f8znaq8,t3_e2wut4,"This is an ignorant ass question and if I knew a VC was asking it, I’d stay clear of letting them anywhere near my company. I want somebody who’s So. Fucking. Stoked to get started they’d start TODAY.",female,44,venturecapital,1574962616.0,0.09848484848484848,0.09848484848484848,0.09848484848484848,0.09090909090909093,0.09090909090909093,0.11363636363636365,0.10606060606060606,0.09848484848484848,0.09848484848484848,0.10606060606060606,0.9995696455909666,0.9999999363097376,0.9997589317889759,0.999993673173225,0.9999999051662676,7.064884847566915e-06,1,-3,-1,t3_e2wut4,male,90.0,11.0,0.0,False,True,True,Typical start date expectations for a new grad Venture Capital Associate?,"What are the start date expectations for a new grad starting at an associate position? Say, an MBA who graduates in June - will they expect the person to start immediately? Or can I take 3 months off and start in September/October? I'm from tech and they let you take a few months off before you start usually. I imagine that this also varies based on the size of the fund, ie larger funds are more likely to be lenient with time. What have your experiences been with start dates?",0.09815950920245403,0.10122699386503067,0.10122699386503067,0.10429447852760736,0.09815950920245403,0.11042944785276074,0.10122699386503067,0.0920245398773006,0.0950920245398773,0.09815950920245403,0.9999999999956002,1.0,1.0,1.0,0.9999999999999992,2.225759656310844e-09,1.0,-1.0,0.0
f8znaq8,t3_e2wut4,"This is an ignorant ass question and if I knew a VC was asking it, I’d stay clear of letting them anywhere near my company. I want somebody who’s So. Fucking. Stoked to get started they’d start TODAY.",female,44,venturecapital,1574962616.0,0.09848484848484848,0.09848484848484848,0.09848484848484848,0.09090909090909093,0.09090909090909093,0.11363636363636365,0.10606060606060606,0.09848484848484848,0.09848484848484848,0.10606060606060606,0.9995696455909666,0.9999999363097376,0.9997589317889759,0.999993673173225,0.9999999051662676,7.064884847566915e-06,1,-3,-1,t3_e2wut4,male,90.0,11.0,0.0,False,True,True,Typical start date expectations for a new grad Venture Capital Associate?,"What are the start date expectations for a new grad starting at an associate position? Say, an MBA who graduates in June - will they expect the person to start immediately? Or can I take 3 months off and start in September/October? I'm from tech and they let you take a few months off before you start usually. I imagine that this also varies based on the size of the fund, ie larger funds are more likely to be lenient with time. What have your experiences been with start dates?",0.09815950920245403,0.10122699386503067,0.10122699386503067,0.10429447852760736,0.09815950920245403,0.11042944785276074,0.10122699386503067,0.0920245398773006,0.0950920245398773,0.09815950920245403,0.9999999999956002,1.0,1.0,1.0,0.9999999999999992,2.225759656310844e-09,1.0,-1.0,0.0
f8znaq8,t3_e2wut4,"This is an ignorant ass question and if I knew a VC was asking it, I’d stay clear of letting them anywhere near my company. I want somebody who’s So. Fucking. Stoked to get started they’d start TODAY.",female,44,venturecapital,1574962616.0,0.09848484848484848,0.09848484848484848,0.09848484848484848,0.09090909090909093,0.09090909090909093,0.11363636363636365,0.10606060606060606,0.09848484848484848,0.09848484848484848,0.10606060606060606,0.9995696455909666,0.9999999363097376,0.9997589317889759,0.999993673173225,0.9999999051662676,7.064884847566915e-06,1,-3,-1,t3_e2wut4,male,90.0,11.0,0.0,False,True,True,Typical start date expectations for a new grad Venture Capital Associate?,"What are the start date expectations for a new grad starting at an associate position? Say, an MBA who graduates in June - will they expect the person to start immediately? Or can I take 3 months off and start in September/October? I'm from tech and they let you take a few months off before you start usually. I imagine that this also varies based on the size of the fund, ie larger funds are more likely to be lenient with time. What have your experiences been with start dates?",0.09815950920245403,0.10122699386503067,0.10122699386503067,0.10429447852760736,0.09815950920245403,0.11042944785276074,0.10122699386503067,0.0920245398773006,0.0950920245398773,0.09815950920245403,0.9999999999956002,1.0,1.0,1.0,0.9999999999999992,2.225759656310844e-09,1.0,-1.0,0.0
f8znaq8,t3_e2wut4,"This is an ignorant ass question and if I knew a VC was asking it, I’d stay clear of letting them anywhere near my company. I want somebody who’s So. Fucking. Stoked to get started they’d start TODAY.",female,44,venturecapital,1574962616.0,0.09848484848484848,0.09848484848484848,0.09848484848484848,0.09090909090909093,0.09090909090909093,0.11363636363636365,0.10606060606060606,0.09848484848484848,0.09848484848484848,0.10606060606060606,0.9995696455909666,0.9999999363097376,0.9997589317889759,0.999993673173225,0.9999999051662676,7.064884847566915e-06,1,-3,-1,t3_e2wut4,male,90.0,11.0,0.0,False,True,True,Typical start date expectations for a new grad Venture Capital Associate?,"What are the start date expectations for a new grad starting at an associate position? Say, an MBA who graduates in June - will they expect the person to start immediately? Or can I take 3 months off and start in September/October? I'm from tech and they let you take a few months off before you start usually. I imagine that this also varies based on the size of the fund, ie larger funds are more likely to be lenient with time. What have your experiences been with start dates?",0.09815950920245403,0.10122699386503067,0.10122699386503067,0.10429447852760736,0.09815950920245403,0.11042944785276074,0.10122699386503067,0.0920245398773006,0.0950920245398773,0.09815950920245403,0.9999999999956002,1.0,1.0,1.0,0.9999999999999992,2.225759656310844e-09,1.0,-1.0,0.0
f96zpj7,t3_e2wut4,"This will vary based on the fund you’re at. It’s not like I-banking where every firm follows a similar hiring calendar/has a defined approach for onboarding recent grads. If you’re joining a fund without a formal associate program, chances are the partners will be flexible. If you’re joining a fund with a more rigidly defined associate program, I’m sure they’ll communicate the intended start date to you upfront.",male,80,venturecapital,1575155855.0,0.09090909090909093,0.0950413223140496,0.09090909090909093,0.11983471074380166,0.0950413223140496,0.11983471074380166,0.1115702479338843,0.0950413223140496,0.09090909090909093,0.09090909090909093,0.9999999974252972,0.9999999999999344,0.999999990704196,0.9999999999999808,0.9999999999954226,1.6623164757833164e-11,1,-2,-1,t3_e2wut4,male,90.0,11.0,0.0,False,True,True,Typical start date expectations for a new grad Venture Capital Associate?,"What are the start date expectations for a new grad starting at an associate position? Say, an MBA who graduates in June - will they expect the person to start immediately? Or can I take 3 months off and start in September/October? I'm from tech and they let you take a few months off before you start usually. I imagine that this also varies based on the size of the fund, ie larger funds are more likely to be lenient with time. What have your experiences been with start dates?",0.09815950920245403,0.10122699386503067,0.10122699386503067,0.10429447852760736,0.09815950920245403,0.11042944785276074,0.10122699386503067,0.0920245398773006,0.0950920245398773,0.09815950920245403,0.9999999999956002,1.0,1.0,1.0,0.9999999999999992,2.225759656310844e-09,1.0,-1.0,0.0
f96zpj7,t3_e2wut4,"This will vary based on the fund you’re at. It’s not like I-banking where every firm follows a similar hiring calendar/has a defined approach for onboarding recent grads. If you’re joining a fund without a formal associate program, chances are the partners will be flexible. If you’re joining a fund with a more rigidly defined associate program, I’m sure they’ll communicate the intended start date to you upfront.",male,80,venturecapital,1575155855.0,0.09090909090909093,0.0950413223140496,0.09090909090909093,0.11983471074380166,0.0950413223140496,0.11983471074380166,0.1115702479338843,0.0950413223140496,0.09090909090909093,0.09090909090909093,0.9999999974252972,0.9999999999999344,0.999999990704196,0.9999999999999808,0.9999999999954226,1.6623164757833164e-11,1,-2,-1,t3_e2wut4,male,90.0,11.0,0.0,False,True,True,Typical start date expectations for a new grad Venture Capital Associate?,"What are the start date expectations for a new grad starting at an associate position? Say, an MBA who graduates in June - will they expect the person to start immediately? Or can I take 3 months off and start in September/October? I'm from tech and they let you take a few months off before you start usually. I imagine that this also varies based on the size of the fund, ie larger funds are more likely to be lenient with time. What have your experiences been with start dates?",0.09815950920245403,0.10122699386503067,0.10122699386503067,0.10429447852760736,0.09815950920245403,0.11042944785276074,0.10122699386503067,0.0920245398773006,0.0950920245398773,0.09815950920245403,0.9999999999956002,1.0,1.0,1.0,0.9999999999999992,2.225759656310844e-09,1.0,-1.0,0.0
f96zpj7,t3_e2wut4,"This will vary based on the fund you’re at. It’s not like I-banking where every firm follows a similar hiring calendar/has a defined approach for onboarding recent grads. If you’re joining a fund without a formal associate program, chances are the partners will be flexible. If you’re joining a fund with a more rigidly defined associate program, I’m sure they’ll communicate the intended start date to you upfront.",male,80,venturecapital,1575155855.0,0.09090909090909093,0.0950413223140496,0.09090909090909093,0.11983471074380166,0.0950413223140496,0.11983471074380166,0.1115702479338843,0.0950413223140496,0.09090909090909093,0.09090909090909093,0.9999999974252972,0.9999999999999344,0.999999990704196,0.9999999999999808,0.9999999999954226,1.6623164757833164e-11,1,-2,-1,t3_e2wut4,male,90.0,11.0,0.0,False,True,True,Typical start date expectations for a new grad Venture Capital Associate?,"What are the start date expectations for a new grad starting at an associate position? Say, an MBA who graduates in June - will they expect the person to start immediately? Or can I take 3 months off and start in September/October? I'm from tech and they let you take a few months off before you start usually. I imagine that this also varies based on the size of the fund, ie larger funds are more likely to be lenient with time. What have your experiences been with start dates?",0.09815950920245403,0.10122699386503067,0.10122699386503067,0.10429447852760736,0.09815950920245403,0.11042944785276074,0.10122699386503067,0.0920245398773006,0.0950920245398773,0.09815950920245403,0.9999999999956002,1.0,1.0,1.0,0.9999999999999992,2.225759656310844e-09,1.0,-1.0,0.0
f96zpj7,t3_e2wut4,"This will vary based on the fund you’re at. It’s not like I-banking where every firm follows a similar hiring calendar/has a defined approach for onboarding recent grads. If you’re joining a fund without a formal associate program, chances are the partners will be flexible. If you’re joining a fund with a more rigidly defined associate program, I’m sure they’ll communicate the intended start date to you upfront.",male,80,venturecapital,1575155855.0,0.09090909090909093,0.0950413223140496,0.09090909090909093,0.11983471074380166,0.0950413223140496,0.11983471074380166,0.1115702479338843,0.0950413223140496,0.09090909090909093,0.09090909090909093,0.9999999974252972,0.9999999999999344,0.999999990704196,0.9999999999999808,0.9999999999954226,1.6623164757833164e-11,1,-2,-1,t3_e2wut4,male,90.0,11.0,0.0,False,True,True,Typical start date expectations for a new grad Venture Capital Associate?,"What are the start date expectations for a new grad starting at an associate position? Say, an MBA who graduates in June - will they expect the person to start immediately? Or can I take 3 months off and start in September/October? I'm from tech and they let you take a few months off before you start usually. I imagine that this also varies based on the size of the fund, ie larger funds are more likely to be lenient with time. What have your experiences been with start dates?",0.09815950920245403,0.10122699386503067,0.10122699386503067,0.10429447852760736,0.09815950920245403,0.11042944785276074,0.10122699386503067,0.0920245398773006,0.0950920245398773,0.09815950920245403,0.9999999999956002,1.0,1.0,1.0,0.9999999999999992,2.225759656310844e-09,1.0,-1.0,0.0
f8znaq8,t3_e2wut4,"This is an ignorant ass question and if I knew a VC was asking it, I’d stay clear of letting them anywhere near my company. I want somebody who’s So. Fucking. Stoked to get started they’d start TODAY.",female,44,venturecapital,1574962616.0,0.09848484848484848,0.09848484848484848,0.09848484848484848,0.09090909090909093,0.09090909090909093,0.11363636363636365,0.10606060606060606,0.09848484848484848,0.09848484848484848,0.10606060606060606,0.9995696455909666,0.9999999363097376,0.9997589317889759,0.999993673173225,0.9999999051662676,7.064884847566915e-06,1,-3,-1,t3_e2wut4,male,90.0,11.0,0.0,False,True,True,Typical start date expectations for a new grad Venture Capital Associate?,"What are the start date expectations for a new grad starting at an associate position? Say, an MBA who graduates in June - will they expect the person to start immediately? Or can I take 3 months off and start in September/October? I'm from tech and they let you take a few months off before you start usually. I imagine that this also varies based on the size of the fund, ie larger funds are more likely to be lenient with time. What have your experiences been with start dates?",0.09815950920245403,0.10122699386503067,0.10122699386503067,0.10429447852760736,0.09815950920245403,0.11042944785276074,0.10122699386503067,0.0920245398773006,0.0950920245398773,0.09815950920245403,0.9999999999956002,1.0,1.0,1.0,0.9999999999999992,2.225759656310844e-09,1.0,-1.0,0.0
f8znaq8,t3_e2wut4,"This is an ignorant ass question and if I knew a VC was asking it, I’d stay clear of letting them anywhere near my company. I want somebody who’s So. Fucking. Stoked to get started they’d start TODAY.",female,44,venturecapital,1574962616.0,0.09848484848484848,0.09848484848484848,0.09848484848484848,0.09090909090909093,0.09090909090909093,0.11363636363636365,0.10606060606060606,0.09848484848484848,0.09848484848484848,0.10606060606060606,0.9995696455909666,0.9999999363097376,0.9997589317889759,0.999993673173225,0.9999999051662676,7.064884847566915e-06,1,-3,-1,t3_e2wut4,male,90.0,11.0,0.0,False,True,True,Typical start date expectations for a new grad Venture Capital Associate?,"What are the start date expectations for a new grad starting at an associate position? Say, an MBA who graduates in June - will they expect the person to start immediately? Or can I take 3 months off and start in September/October? I'm from tech and they let you take a few months off before you start usually. I imagine that this also varies based on the size of the fund, ie larger funds are more likely to be lenient with time. What have your experiences been with start dates?",0.09815950920245403,0.10122699386503067,0.10122699386503067,0.10429447852760736,0.09815950920245403,0.11042944785276074,0.10122699386503067,0.0920245398773006,0.0950920245398773,0.09815950920245403,0.9999999999956002,1.0,1.0,1.0,0.9999999999999992,2.225759656310844e-09,1.0,-1.0,0.0
f8znaq8,t3_e2wut4,"This is an ignorant ass question and if I knew a VC was asking it, I’d stay clear of letting them anywhere near my company. I want somebody who’s So. Fucking. Stoked to get started they’d start TODAY.",female,44,venturecapital,1574962616.0,0.09848484848484848,0.09848484848484848,0.09848484848484848,0.09090909090909093,0.09090909090909093,0.11363636363636365,0.10606060606060606,0.09848484848484848,0.09848484848484848,0.10606060606060606,0.9995696455909666,0.9999999363097376,0.9997589317889759,0.999993673173225,0.9999999051662676,7.064884847566915e-06,1,-3,-1,t3_e2wut4,male,90.0,11.0,0.0,False,True,True,Typical start date expectations for a new grad Venture Capital Associate?,"What are the start date expectations for a new grad starting at an associate position? Say, an MBA who graduates in June - will they expect the person to start immediately? Or can I take 3 months off and start in September/October? I'm from tech and they let you take a few months off before you start usually. I imagine that this also varies based on the size of the fund, ie larger funds are more likely to be lenient with time. What have your experiences been with start dates?",0.09815950920245403,0.10122699386503067,0.10122699386503067,0.10429447852760736,0.09815950920245403,0.11042944785276074,0.10122699386503067,0.0920245398773006,0.0950920245398773,0.09815950920245403,0.9999999999956002,1.0,1.0,1.0,0.9999999999999992,2.225759656310844e-09,1.0,-1.0,0.0
f8znaq8,t3_e2wut4,"This is an ignorant ass question and if I knew a VC was asking it, I’d stay clear of letting them anywhere near my company. I want somebody who’s So. Fucking. Stoked to get started they’d start TODAY.",female,44,venturecapital,1574962616.0,0.09848484848484848,0.09848484848484848,0.09848484848484848,0.09090909090909093,0.09090909090909093,0.11363636363636365,0.10606060606060606,0.09848484848484848,0.09848484848484848,0.10606060606060606,0.9995696455909666,0.9999999363097376,0.9997589317889759,0.999993673173225,0.9999999051662676,7.064884847566915e-06,1,-3,-1,t3_e2wut4,male,90.0,11.0,0.0,False,True,True,Typical start date expectations for a new grad Venture Capital Associate?,"What are the start date expectations for a new grad starting at an associate position? Say, an MBA who graduates in June - will they expect the person to start immediately? Or can I take 3 months off and start in September/October? I'm from tech and they let you take a few months off before you start usually. I imagine that this also varies based on the size of the fund, ie larger funds are more likely to be lenient with time. What have your experiences been with start dates?",0.09815950920245403,0.10122699386503067,0.10122699386503067,0.10429447852760736,0.09815950920245403,0.11042944785276074,0.10122699386503067,0.0920245398773006,0.0950920245398773,0.09815950920245403,0.9999999999956002,1.0,1.0,1.0,0.9999999999999992,2.225759656310844e-09,1.0,-1.0,0.0
f96zpj7,t3_e2wut4,"This will vary based on the fund you’re at. It’s not like I-banking where every firm follows a similar hiring calendar/has a defined approach for onboarding recent grads. If you’re joining a fund without a formal associate program, chances are the partners will be flexible. If you’re joining a fund with a more rigidly defined associate program, I’m sure they’ll communicate the intended start date to you upfront.",male,80,venturecapital,1575155855.0,0.09090909090909093,0.0950413223140496,0.09090909090909093,0.11983471074380166,0.0950413223140496,0.11983471074380166,0.1115702479338843,0.0950413223140496,0.09090909090909093,0.09090909090909093,0.9999999974252972,0.9999999999999344,0.999999990704196,0.9999999999999808,0.9999999999954226,1.6623164757833164e-11,1,-2,-1,t3_e2wut4,male,90.0,11.0,0.0,False,True,True,Typical start date expectations for a new grad Venture Capital Associate?,"What are the start date expectations for a new grad starting at an associate position? Say, an MBA who graduates in June - will they expect the person to start immediately? Or can I take 3 months off and start in September/October? I'm from tech and they let you take a few months off before you start usually. I imagine that this also varies based on the size of the fund, ie larger funds are more likely to be lenient with time. What have your experiences been with start dates?",0.09815950920245403,0.10122699386503067,0.10122699386503067,0.10429447852760736,0.09815950920245403,0.11042944785276074,0.10122699386503067,0.0920245398773006,0.0950920245398773,0.09815950920245403,0.9999999999956002,1.0,1.0,1.0,0.9999999999999992,2.225759656310844e-09,1.0,-1.0,0.0
f96zpj7,t3_e2wut4,"This will vary based on the fund you’re at. It’s not like I-banking where every firm follows a similar hiring calendar/has a defined approach for onboarding recent grads. If you’re joining a fund without a formal associate program, chances are the partners will be flexible. If you’re joining a fund with a more rigidly defined associate program, I’m sure they’ll communicate the intended start date to you upfront.",male,80,venturecapital,1575155855.0,0.09090909090909093,0.0950413223140496,0.09090909090909093,0.11983471074380166,0.0950413223140496,0.11983471074380166,0.1115702479338843,0.0950413223140496,0.09090909090909093,0.09090909090909093,0.9999999974252972,0.9999999999999344,0.999999990704196,0.9999999999999808,0.9999999999954226,1.6623164757833164e-11,1,-2,-1,t3_e2wut4,male,90.0,11.0,0.0,False,True,True,Typical start date expectations for a new grad Venture Capital Associate?,"What are the start date expectations for a new grad starting at an associate position? Say, an MBA who graduates in June - will they expect the person to start immediately? Or can I take 3 months off and start in September/October? I'm from tech and they let you take a few months off before you start usually. I imagine that this also varies based on the size of the fund, ie larger funds are more likely to be lenient with time. What have your experiences been with start dates?",0.09815950920245403,0.10122699386503067,0.10122699386503067,0.10429447852760736,0.09815950920245403,0.11042944785276074,0.10122699386503067,0.0920245398773006,0.0950920245398773,0.09815950920245403,0.9999999999956002,1.0,1.0,1.0,0.9999999999999992,2.225759656310844e-09,1.0,-1.0,0.0
f96zpj7,t3_e2wut4,"This will vary based on the fund you’re at. It’s not like I-banking where every firm follows a similar hiring calendar/has a defined approach for onboarding recent grads. If you’re joining a fund without a formal associate program, chances are the partners will be flexible. If you’re joining a fund with a more rigidly defined associate program, I’m sure they’ll communicate the intended start date to you upfront.",male,80,venturecapital,1575155855.0,0.09090909090909093,0.0950413223140496,0.09090909090909093,0.11983471074380166,0.0950413223140496,0.11983471074380166,0.1115702479338843,0.0950413223140496,0.09090909090909093,0.09090909090909093,0.9999999974252972,0.9999999999999344,0.999999990704196,0.9999999999999808,0.9999999999954226,1.6623164757833164e-11,1,-2,-1,t3_e2wut4,male,90.0,11.0,0.0,False,True,True,Typical start date expectations for a new grad Venture Capital Associate?,"What are the start date expectations for a new grad starting at an associate position? Say, an MBA who graduates in June - will they expect the person to start immediately? Or can I take 3 months off and start in September/October? I'm from tech and they let you take a few months off before you start usually. I imagine that this also varies based on the size of the fund, ie larger funds are more likely to be lenient with time. What have your experiences been with start dates?",0.09815950920245403,0.10122699386503067,0.10122699386503067,0.10429447852760736,0.09815950920245403,0.11042944785276074,0.10122699386503067,0.0920245398773006,0.0950920245398773,0.09815950920245403,0.9999999999956002,1.0,1.0,1.0,0.9999999999999992,2.225759656310844e-09,1.0,-1.0,0.0
f96zpj7,t3_e2wut4,"This will vary based on the fund you’re at. It’s not like I-banking where every firm follows a similar hiring calendar/has a defined approach for onboarding recent grads. If you’re joining a fund without a formal associate program, chances are the partners will be flexible. If you’re joining a fund with a more rigidly defined associate program, I’m sure they’ll communicate the intended start date to you upfront.",male,80,venturecapital,1575155855.0,0.09090909090909093,0.0950413223140496,0.09090909090909093,0.11983471074380166,0.0950413223140496,0.11983471074380166,0.1115702479338843,0.0950413223140496,0.09090909090909093,0.09090909090909093,0.9999999974252972,0.9999999999999344,0.999999990704196,0.9999999999999808,0.9999999999954226,1.6623164757833164e-11,1,-2,-1,t3_e2wut4,male,90.0,11.0,0.0,False,True,True,Typical start date expectations for a new grad Venture Capital Associate?,"What are the start date expectations for a new grad starting at an associate position? Say, an MBA who graduates in June - will they expect the person to start immediately? Or can I take 3 months off and start in September/October? I'm from tech and they let you take a few months off before you start usually. I imagine that this also varies based on the size of the fund, ie larger funds are more likely to be lenient with time. What have your experiences been with start dates?",0.09815950920245403,0.10122699386503067,0.10122699386503067,0.10429447852760736,0.09815950920245403,0.11042944785276074,0.10122699386503067,0.0920245398773006,0.0950920245398773,0.09815950920245403,0.9999999999956002,1.0,1.0,1.0,0.9999999999999992,2.225759656310844e-09,1.0,-1.0,0.0
f91zos6,t3_e2wut4,That's a pretty yikes answer. I asked for a 2 month break and they allowed me to start September.,male,20,venturecapital,1575006738.0,0.09523809523809523,0.1111111111111111,0.09523809523809523,0.09523809523809523,0.07936507936507936,0.09523809523809523,0.1111111111111111,0.1111111111111111,0.1111111111111111,0.09523809523809523,0.8393099216730576,0.9827097837300264,0.8845382559021743,0.8506463078533884,0.9593535674522136,0.0033877014701053487,3,-1,1,t3_e2wut4,male,90.0,11.0,0.0,False,True,True,Typical start date expectations for a new grad Venture Capital Associate?,"What are the start date expectations for a new grad starting at an associate position? Say, an MBA who graduates in June - will they expect the person to start immediately? Or can I take 3 months off and start in September/October? I'm from tech and they let you take a few months off before you start usually. I imagine that this also varies based on the size of the fund, ie larger funds are more likely to be lenient with time. What have your experiences been with start dates?",0.09815950920245403,0.10122699386503067,0.10122699386503067,0.10429447852760736,0.09815950920245403,0.11042944785276074,0.10122699386503067,0.0920245398773006,0.0950920245398773,0.09815950920245403,0.9999999999956002,1.0,1.0,1.0,0.9999999999999992,2.225759656310844e-09,1.0,-1.0,0.0
f91zos6,t3_e2wut4,That's a pretty yikes answer. I asked for a 2 month break and they allowed me to start September.,male,20,venturecapital,1575006738.0,0.09523809523809523,0.1111111111111111,0.09523809523809523,0.09523809523809523,0.07936507936507936,0.09523809523809523,0.1111111111111111,0.1111111111111111,0.1111111111111111,0.09523809523809523,0.8393099216730576,0.9827097837300264,0.8845382559021743,0.8506463078533884,0.9593535674522136,0.0033877014701053487,3,-1,1,t3_e2wut4,male,90.0,11.0,0.0,False,True,True,Typical start date expectations for a new grad Venture Capital Associate?,"What are the start date expectations for a new grad starting at an associate position? Say, an MBA who graduates in June - will they expect the person to start immediately? Or can I take 3 months off and start in September/October? I'm from tech and they let you take a few months off before you start usually. I imagine that this also varies based on the size of the fund, ie larger funds are more likely to be lenient with time. What have your experiences been with start dates?",0.09815950920245403,0.10122699386503067,0.10122699386503067,0.10429447852760736,0.09815950920245403,0.11042944785276074,0.10122699386503067,0.0920245398773006,0.0950920245398773,0.09815950920245403,0.9999999999956002,1.0,1.0,1.0,0.9999999999999992,2.225759656310844e-09,1.0,-1.0,0.0
f91zos6,t3_e2wut4,That's a pretty yikes answer. I asked for a 2 month break and they allowed me to start September.,male,20,venturecapital,1575006738.0,0.09523809523809523,0.1111111111111111,0.09523809523809523,0.09523809523809523,0.07936507936507936,0.09523809523809523,0.1111111111111111,0.1111111111111111,0.1111111111111111,0.09523809523809523,0.8393099216730576,0.9827097837300264,0.8845382559021743,0.8506463078533884,0.9593535674522136,0.0033877014701053487,3,-1,1,t3_e2wut4,male,90.0,11.0,0.0,False,True,True,Typical start date expectations for a new grad Venture Capital Associate?,"What are the start date expectations for a new grad starting at an associate position? Say, an MBA who graduates in June - will they expect the person to start immediately? Or can I take 3 months off and start in September/October? I'm from tech and they let you take a few months off before you start usually. I imagine that this also varies based on the size of the fund, ie larger funds are more likely to be lenient with time. What have your experiences been with start dates?",0.09815950920245403,0.10122699386503067,0.10122699386503067,0.10429447852760736,0.09815950920245403,0.11042944785276074,0.10122699386503067,0.0920245398773006,0.0950920245398773,0.09815950920245403,0.9999999999956002,1.0,1.0,1.0,0.9999999999999992,2.225759656310844e-09,1.0,-1.0,0.0
f91zos6,t3_e2wut4,That's a pretty yikes answer. I asked for a 2 month break and they allowed me to start September.,male,20,venturecapital,1575006738.0,0.09523809523809523,0.1111111111111111,0.09523809523809523,0.09523809523809523,0.07936507936507936,0.09523809523809523,0.1111111111111111,0.1111111111111111,0.1111111111111111,0.09523809523809523,0.8393099216730576,0.9827097837300264,0.8845382559021743,0.8506463078533884,0.9593535674522136,0.0033877014701053487,3,-1,1,t3_e2wut4,male,90.0,11.0,0.0,False,True,True,Typical start date expectations for a new grad Venture Capital Associate?,"What are the start date expectations for a new grad starting at an associate position? Say, an MBA who graduates in June - will they expect the person to start immediately? Or can I take 3 months off and start in September/October? I'm from tech and they let you take a few months off before you start usually. I imagine that this also varies based on the size of the fund, ie larger funds are more likely to be lenient with time. What have your experiences been with start dates?",0.09815950920245403,0.10122699386503067,0.10122699386503067,0.10429447852760736,0.09815950920245403,0.11042944785276074,0.10122699386503067,0.0920245398773006,0.0950920245398773,0.09815950920245403,0.9999999999956002,1.0,1.0,1.0,0.9999999999999992,2.225759656310844e-09,1.0,-1.0,0.0
f91zos6,t3_e2wut4,That's a pretty yikes answer. I asked for a 2 month break and they allowed me to start September.,male,20,venturecapital,1575006738.0,0.09523809523809523,0.1111111111111111,0.09523809523809523,0.09523809523809523,0.07936507936507936,0.09523809523809523,0.1111111111111111,0.1111111111111111,0.1111111111111111,0.09523809523809523,0.8393099216730576,0.9827097837300264,0.8845382559021743,0.8506463078533884,0.9593535674522136,0.0033877014701053487,3,-1,1,t3_e2wut4,male,90.0,11.0,0.0,False,True,True,Typical start date expectations for a new grad Venture Capital Associate?,"What are the start date expectations for a new grad starting at an associate position? Say, an MBA who graduates in June - will they expect the person to start immediately? Or can I take 3 months off and start in September/October? I'm from tech and they let you take a few months off before you start usually. I imagine that this also varies based on the size of the fund, ie larger funds are more likely to be lenient with time. What have your experiences been with start dates?",0.09815950920245403,0.10122699386503067,0.10122699386503067,0.10429447852760736,0.09815950920245403,0.11042944785276074,0.10122699386503067,0.0920245398773006,0.0950920245398773,0.09815950920245403,0.9999999999956002,1.0,1.0,1.0,0.9999999999999992,2.225759656310844e-09,1.0,-1.0,0.0
f91zos6,t3_e2wut4,That's a pretty yikes answer. I asked for a 2 month break and they allowed me to start September.,male,20,venturecapital,1575006738.0,0.09523809523809523,0.1111111111111111,0.09523809523809523,0.09523809523809523,0.07936507936507936,0.09523809523809523,0.1111111111111111,0.1111111111111111,0.1111111111111111,0.09523809523809523,0.8393099216730576,0.9827097837300264,0.8845382559021743,0.8506463078533884,0.9593535674522136,0.0033877014701053487,3,-1,1,t3_e2wut4,male,90.0,11.0,0.0,False,True,True,Typical start date expectations for a new grad Venture Capital Associate?,"What are the start date expectations for a new grad starting at an associate position? Say, an MBA who graduates in June - will they expect the person to start immediately? Or can I take 3 months off and start in September/October? I'm from tech and they let you take a few months off before you start usually. I imagine that this also varies based on the size of the fund, ie larger funds are more likely to be lenient with time. What have your experiences been with start dates?",0.09815950920245403,0.10122699386503067,0.10122699386503067,0.10429447852760736,0.09815950920245403,0.11042944785276074,0.10122699386503067,0.0920245398773006,0.0950920245398773,0.09815950920245403,0.9999999999956002,1.0,1.0,1.0,0.9999999999999992,2.225759656310844e-09,1.0,-1.0,0.0
f91zos6,t3_e2wut4,That's a pretty yikes answer. I asked for a 2 month break and they allowed me to start September.,male,20,venturecapital,1575006738.0,0.09523809523809523,0.1111111111111111,0.09523809523809523,0.09523809523809523,0.07936507936507936,0.09523809523809523,0.1111111111111111,0.1111111111111111,0.1111111111111111,0.09523809523809523,0.8393099216730576,0.9827097837300264,0.8845382559021743,0.8506463078533884,0.9593535674522136,0.0033877014701053487,3,-1,1,t3_e2wut4,male,90.0,11.0,0.0,False,True,True,Typical start date expectations for a new grad Venture Capital Associate?,"What are the start date expectations for a new grad starting at an associate position? Say, an MBA who graduates in June - will they expect the person to start immediately? Or can I take 3 months off and start in September/October? I'm from tech and they let you take a few months off before you start usually. I imagine that this also varies based on the size of the fund, ie larger funds are more likely to be lenient with time. What have your experiences been with start dates?",0.09815950920245403,0.10122699386503067,0.10122699386503067,0.10429447852760736,0.09815950920245403,0.11042944785276074,0.10122699386503067,0.0920245398773006,0.0950920245398773,0.09815950920245403,0.9999999999956002,1.0,1.0,1.0,0.9999999999999992,2.225759656310844e-09,1.0,-1.0,0.0
f91zos6,t3_e2wut4,That's a pretty yikes answer. I asked for a 2 month break and they allowed me to start September.,male,20,venturecapital,1575006738.0,0.09523809523809523,0.1111111111111111,0.09523809523809523,0.09523809523809523,0.07936507936507936,0.09523809523809523,0.1111111111111111,0.1111111111111111,0.1111111111111111,0.09523809523809523,0.8393099216730576,0.9827097837300264,0.8845382559021743,0.8506463078533884,0.9593535674522136,0.0033877014701053487,3,-1,1,t3_e2wut4,male,90.0,11.0,0.0,False,True,True,Typical start date expectations for a new grad Venture Capital Associate?,"What are the start date expectations for a new grad starting at an associate position? Say, an MBA who graduates in June - will they expect the person to start immediately? Or can I take 3 months off and start in September/October? I'm from tech and they let you take a few months off before you start usually. I imagine that this also varies based on the size of the fund, ie larger funds are more likely to be lenient with time. What have your experiences been with start dates?",0.09815950920245403,0.10122699386503067,0.10122699386503067,0.10429447852760736,0.09815950920245403,0.11042944785276074,0.10122699386503067,0.0920245398773006,0.0950920245398773,0.09815950920245403,0.9999999999956002,1.0,1.0,1.0,0.9999999999999992,2.225759656310844e-09,1.0,-1.0,0.0
f91zos6,t3_e2wut4,That's a pretty yikes answer. I asked for a 2 month break and they allowed me to start September.,male,20,venturecapital,1575006738.0,0.09523809523809523,0.1111111111111111,0.09523809523809523,0.09523809523809523,0.07936507936507936,0.09523809523809523,0.1111111111111111,0.1111111111111111,0.1111111111111111,0.09523809523809523,0.8393099216730576,0.9827097837300264,0.8845382559021743,0.8506463078533884,0.9593535674522136,0.0033877014701053487,3,-1,1,t3_e2wut4,male,90.0,11.0,0.0,False,True,True,Typical start date expectations for a new grad Venture Capital Associate?,"What are the start date expectations for a new grad starting at an associate position? Say, an MBA who graduates in June - will they expect the person to start immediately? Or can I take 3 months off and start in September/October? I'm from tech and they let you take a few months off before you start usually. I imagine that this also varies based on the size of the fund, ie larger funds are more likely to be lenient with time. What have your experiences been with start dates?",0.09815950920245403,0.10122699386503067,0.10122699386503067,0.10429447852760736,0.09815950920245403,0.11042944785276074,0.10122699386503067,0.0920245398773006,0.0950920245398773,0.09815950920245403,0.9999999999956002,1.0,1.0,1.0,0.9999999999999992,2.225759656310844e-09,1.0,-1.0,0.0
f91zos6,t3_e2wut4,That's a pretty yikes answer. I asked for a 2 month break and they allowed me to start September.,male,20,venturecapital,1575006738.0,0.09523809523809523,0.1111111111111111,0.09523809523809523,0.09523809523809523,0.07936507936507936,0.09523809523809523,0.1111111111111111,0.1111111111111111,0.1111111111111111,0.09523809523809523,0.8393099216730576,0.9827097837300264,0.8845382559021743,0.8506463078533884,0.9593535674522136,0.0033877014701053487,3,-1,1,t3_e2wut4,male,90.0,11.0,0.0,False,True,True,Typical start date expectations for a new grad Venture Capital Associate?,"What are the start date expectations for a new grad starting at an associate position? Say, an MBA who graduates in June - will they expect the person to start immediately? Or can I take 3 months off and start in September/October? I'm from tech and they let you take a few months off before you start usually. I imagine that this also varies based on the size of the fund, ie larger funds are more likely to be lenient with time. What have your experiences been with start dates?",0.09815950920245403,0.10122699386503067,0.10122699386503067,0.10429447852760736,0.09815950920245403,0.11042944785276074,0.10122699386503067,0.0920245398773006,0.0950920245398773,0.09815950920245403,0.9999999999956002,1.0,1.0,1.0,0.9999999999999992,2.225759656310844e-09,1.0,-1.0,0.0
f91zos6,t3_e2wut4,That's a pretty yikes answer. I asked for a 2 month break and they allowed me to start September.,male,20,venturecapital,1575006738.0,0.09523809523809523,0.1111111111111111,0.09523809523809523,0.09523809523809523,0.07936507936507936,0.09523809523809523,0.1111111111111111,0.1111111111111111,0.1111111111111111,0.09523809523809523,0.8393099216730576,0.9827097837300264,0.8845382559021743,0.8506463078533884,0.9593535674522136,0.0033877014701053487,3,-1,1,t3_e2wut4,male,90.0,11.0,0.0,False,True,True,Typical start date expectations for a new grad Venture Capital Associate?,"What are the start date expectations for a new grad starting at an associate position? Say, an MBA who graduates in June - will they expect the person to start immediately? Or can I take 3 months off and start in September/October? I'm from tech and they let you take a few months off before you start usually. I imagine that this also varies based on the size of the fund, ie larger funds are more likely to be lenient with time. What have your experiences been with start dates?",0.09815950920245403,0.10122699386503067,0.10122699386503067,0.10429447852760736,0.09815950920245403,0.11042944785276074,0.10122699386503067,0.0920245398773006,0.0950920245398773,0.09815950920245403,0.9999999999956002,1.0,1.0,1.0,0.9999999999999992,2.225759656310844e-09,1.0,-1.0,0.0
f91zos6,t3_e2wut4,That's a pretty yikes answer. I asked for a 2 month break and they allowed me to start September.,male,20,venturecapital,1575006738.0,0.09523809523809523,0.1111111111111111,0.09523809523809523,0.09523809523809523,0.07936507936507936,0.09523809523809523,0.1111111111111111,0.1111111111111111,0.1111111111111111,0.09523809523809523,0.8393099216730576,0.9827097837300264,0.8845382559021743,0.8506463078533884,0.9593535674522136,0.0033877014701053487,3,-1,1,t3_e2wut4,male,90.0,11.0,0.0,False,True,True,Typical start date expectations for a new grad Venture Capital Associate?,"What are the start date expectations for a new grad starting at an associate position? Say, an MBA who graduates in June - will they expect the person to start immediately? Or can I take 3 months off and start in September/October? I'm from tech and they let you take a few months off before you start usually. I imagine that this also varies based on the size of the fund, ie larger funds are more likely to be lenient with time. What have your experiences been with start dates?",0.09815950920245403,0.10122699386503067,0.10122699386503067,0.10429447852760736,0.09815950920245403,0.11042944785276074,0.10122699386503067,0.0920245398773006,0.0950920245398773,0.09815950920245403,0.9999999999956002,1.0,1.0,1.0,0.9999999999999992,2.225759656310844e-09,1.0,-1.0,0.0
f8znaq8,t3_e2wut4,"This is an ignorant ass question and if I knew a VC was asking it, I’d stay clear of letting them anywhere near my company. I want somebody who’s So. Fucking. Stoked to get started they’d start TODAY.",female,44,venturecapital,1574962616.0,0.09848484848484848,0.09848484848484848,0.09848484848484848,0.09090909090909093,0.09090909090909093,0.11363636363636365,0.10606060606060606,0.09848484848484848,0.09848484848484848,0.10606060606060606,0.9995696455909666,0.9999999363097376,0.9997589317889759,0.999993673173225,0.9999999051662676,7.064884847566915e-06,1,-3,-1,t3_e2wut4,male,90.0,11.0,0.0,False,True,True,Typical start date expectations for a new grad Venture Capital Associate?,"What are the start date expectations for a new grad starting at an associate position? Say, an MBA who graduates in June - will they expect the person to start immediately? Or can I take 3 months off and start in September/October? I'm from tech and they let you take a few months off before you start usually. I imagine that this also varies based on the size of the fund, ie larger funds are more likely to be lenient with time. What have your experiences been with start dates?",0.09815950920245403,0.10122699386503067,0.10122699386503067,0.10429447852760736,0.09815950920245403,0.11042944785276074,0.10122699386503067,0.0920245398773006,0.0950920245398773,0.09815950920245403,0.9999999999956002,1.0,1.0,1.0,0.9999999999999992,2.225759656310844e-09,1.0,-1.0,0.0
f8znaq8,t3_e2wut4,"This is an ignorant ass question and if I knew a VC was asking it, I’d stay clear of letting them anywhere near my company. I want somebody who’s So. Fucking. Stoked to get started they’d start TODAY.",female,44,venturecapital,1574962616.0,0.09848484848484848,0.09848484848484848,0.09848484848484848,0.09090909090909093,0.09090909090909093,0.11363636363636365,0.10606060606060606,0.09848484848484848,0.09848484848484848,0.10606060606060606,0.9995696455909666,0.9999999363097376,0.9997589317889759,0.999993673173225,0.9999999051662676,7.064884847566915e-06,1,-3,-1,t3_e2wut4,male,90.0,11.0,0.0,False,True,True,Typical start date expectations for a new grad Venture Capital Associate?,"What are the start date expectations for a new grad starting at an associate position? Say, an MBA who graduates in June - will they expect the person to start immediately? Or can I take 3 months off and start in September/October? I'm from tech and they let you take a few months off before you start usually. I imagine that this also varies based on the size of the fund, ie larger funds are more likely to be lenient with time. What have your experiences been with start dates?",0.09815950920245403,0.10122699386503067,0.10122699386503067,0.10429447852760736,0.09815950920245403,0.11042944785276074,0.10122699386503067,0.0920245398773006,0.0950920245398773,0.09815950920245403,0.9999999999956002,1.0,1.0,1.0,0.9999999999999992,2.225759656310844e-09,1.0,-1.0,0.0
f8znaq8,t3_e2wut4,"This is an ignorant ass question and if I knew a VC was asking it, I’d stay clear of letting them anywhere near my company. I want somebody who’s So. Fucking. Stoked to get started they’d start TODAY.",female,44,venturecapital,1574962616.0,0.09848484848484848,0.09848484848484848,0.09848484848484848,0.09090909090909093,0.09090909090909093,0.11363636363636365,0.10606060606060606,0.09848484848484848,0.09848484848484848,0.10606060606060606,0.9995696455909666,0.9999999363097376,0.9997589317889759,0.999993673173225,0.9999999051662676,7.064884847566915e-06,1,-3,-1,t3_e2wut4,male,90.0,11.0,0.0,False,True,True,Typical start date expectations for a new grad Venture Capital Associate?,"What are the start date expectations for a new grad starting at an associate position? Say, an MBA who graduates in June - will they expect the person to start immediately? Or can I take 3 months off and start in September/October? I'm from tech and they let you take a few months off before you start usually. I imagine that this also varies based on the size of the fund, ie larger funds are more likely to be lenient with time. What have your experiences been with start dates?",0.09815950920245403,0.10122699386503067,0.10122699386503067,0.10429447852760736,0.09815950920245403,0.11042944785276074,0.10122699386503067,0.0920245398773006,0.0950920245398773,0.09815950920245403,0.9999999999956002,1.0,1.0,1.0,0.9999999999999992,2.225759656310844e-09,1.0,-1.0,0.0
f8znaq8,t3_e2wut4,"This is an ignorant ass question and if I knew a VC was asking it, I’d stay clear of letting them anywhere near my company. I want somebody who’s So. Fucking. Stoked to get started they’d start TODAY.",female,44,venturecapital,1574962616.0,0.09848484848484848,0.09848484848484848,0.09848484848484848,0.09090909090909093,0.09090909090909093,0.11363636363636365,0.10606060606060606,0.09848484848484848,0.09848484848484848,0.10606060606060606,0.9995696455909666,0.9999999363097376,0.9997589317889759,0.999993673173225,0.9999999051662676,7.064884847566915e-06,1,-3,-1,t3_e2wut4,male,90.0,11.0,0.0,False,True,True,Typical start date expectations for a new grad Venture Capital Associate?,"What are the start date expectations for a new grad starting at an associate position? Say, an MBA who graduates in June - will they expect the person to start immediately? Or can I take 3 months off and start in September/October? I'm from tech and they let you take a few months off before you start usually. I imagine that this also varies based on the size of the fund, ie larger funds are more likely to be lenient with time. What have your experiences been with start dates?",0.09815950920245403,0.10122699386503067,0.10122699386503067,0.10429447852760736,0.09815950920245403,0.11042944785276074,0.10122699386503067,0.0920245398773006,0.0950920245398773,0.09815950920245403,0.9999999999956002,1.0,1.0,1.0,0.9999999999999992,2.225759656310844e-09,1.0,-1.0,0.0
f96zpj7,t3_e2wut4,"This will vary based on the fund you’re at. It’s not like I-banking where every firm follows a similar hiring calendar/has a defined approach for onboarding recent grads. If you’re joining a fund without a formal associate program, chances are the partners will be flexible. If you’re joining a fund with a more rigidly defined associate program, I’m sure they’ll communicate the intended start date to you upfront.",male,80,venturecapital,1575155855.0,0.09090909090909093,0.0950413223140496,0.09090909090909093,0.11983471074380166,0.0950413223140496,0.11983471074380166,0.1115702479338843,0.0950413223140496,0.09090909090909093,0.09090909090909093,0.9999999974252972,0.9999999999999344,0.999999990704196,0.9999999999999808,0.9999999999954226,1.6623164757833164e-11,1,-2,-1,t3_e2wut4,male,90.0,11.0,0.0,False,True,True,Typical start date expectations for a new grad Venture Capital Associate?,"What are the start date expectations for a new grad starting at an associate position? Say, an MBA who graduates in June - will they expect the person to start immediately? Or can I take 3 months off and start in September/October? I'm from tech and they let you take a few months off before you start usually. I imagine that this also varies based on the size of the fund, ie larger funds are more likely to be lenient with time. What have your experiences been with start dates?",0.09815950920245403,0.10122699386503067,0.10122699386503067,0.10429447852760736,0.09815950920245403,0.11042944785276074,0.10122699386503067,0.0920245398773006,0.0950920245398773,0.09815950920245403,0.9999999999956002,1.0,1.0,1.0,0.9999999999999992,2.225759656310844e-09,1.0,-1.0,0.0
f96zpj7,t3_e2wut4,"This will vary based on the fund you’re at. It’s not like I-banking where every firm follows a similar hiring calendar/has a defined approach for onboarding recent grads. If you’re joining a fund without a formal associate program, chances are the partners will be flexible. If you’re joining a fund with a more rigidly defined associate program, I’m sure they’ll communicate the intended start date to you upfront.",male,80,venturecapital,1575155855.0,0.09090909090909093,0.0950413223140496,0.09090909090909093,0.11983471074380166,0.0950413223140496,0.11983471074380166,0.1115702479338843,0.0950413223140496,0.09090909090909093,0.09090909090909093,0.9999999974252972,0.9999999999999344,0.999999990704196,0.9999999999999808,0.9999999999954226,1.6623164757833164e-11,1,-2,-1,t3_e2wut4,male,90.0,11.0,0.0,False,True,True,Typical start date expectations for a new grad Venture Capital Associate?,"What are the start date expectations for a new grad starting at an associate position? Say, an MBA who graduates in June - will they expect the person to start immediately? Or can I take 3 months off and start in September/October? I'm from tech and they let you take a few months off before you start usually. I imagine that this also varies based on the size of the fund, ie larger funds are more likely to be lenient with time. What have your experiences been with start dates?",0.09815950920245403,0.10122699386503067,0.10122699386503067,0.10429447852760736,0.09815950920245403,0.11042944785276074,0.10122699386503067,0.0920245398773006,0.0950920245398773,0.09815950920245403,0.9999999999956002,1.0,1.0,1.0,0.9999999999999992,2.225759656310844e-09,1.0,-1.0,0.0
f96zpj7,t3_e2wut4,"This will vary based on the fund you’re at. It’s not like I-banking where every firm follows a similar hiring calendar/has a defined approach for onboarding recent grads. If you’re joining a fund without a formal associate program, chances are the partners will be flexible. If you’re joining a fund with a more rigidly defined associate program, I’m sure they’ll communicate the intended start date to you upfront.",male,80,venturecapital,1575155855.0,0.09090909090909093,0.0950413223140496,0.09090909090909093,0.11983471074380166,0.0950413223140496,0.11983471074380166,0.1115702479338843,0.0950413223140496,0.09090909090909093,0.09090909090909093,0.9999999974252972,0.9999999999999344,0.999999990704196,0.9999999999999808,0.9999999999954226,1.6623164757833164e-11,1,-2,-1,t3_e2wut4,male,90.0,11.0,0.0,False,True,True,Typical start date expectations for a new grad Venture Capital Associate?,"What are the start date expectations for a new grad starting at an associate position? Say, an MBA who graduates in June - will they expect the person to start immediately? Or can I take 3 months off and start in September/October? I'm from tech and they let you take a few months off before you start usually. I imagine that this also varies based on the size of the fund, ie larger funds are more likely to be lenient with time. What have your experiences been with start dates?",0.09815950920245403,0.10122699386503067,0.10122699386503067,0.10429447852760736,0.09815950920245403,0.11042944785276074,0.10122699386503067,0.0920245398773006,0.0950920245398773,0.09815950920245403,0.9999999999956002,1.0,1.0,1.0,0.9999999999999992,2.225759656310844e-09,1.0,-1.0,0.0
f96zpj7,t3_e2wut4,"This will vary based on the fund you’re at. It’s not like I-banking where every firm follows a similar hiring calendar/has a defined approach for onboarding recent grads. If you’re joining a fund without a formal associate program, chances are the partners will be flexible. If you’re joining a fund with a more rigidly defined associate program, I’m sure they’ll communicate the intended start date to you upfront.",male,80,venturecapital,1575155855.0,0.09090909090909093,0.0950413223140496,0.09090909090909093,0.11983471074380166,0.0950413223140496,0.11983471074380166,0.1115702479338843,0.0950413223140496,0.09090909090909093,0.09090909090909093,0.9999999974252972,0.9999999999999344,0.999999990704196,0.9999999999999808,0.9999999999954226,1.6623164757833164e-11,1,-2,-1,t3_e2wut4,male,90.0,11.0,0.0,False,True,True,Typical start date expectations for a new grad Venture Capital Associate?,"What are the start date expectations for a new grad starting at an associate position? Say, an MBA who graduates in June - will they expect the person to start immediately? Or can I take 3 months off and start in September/October? I'm from tech and they let you take a few months off before you start usually. I imagine that this also varies based on the size of the fund, ie larger funds are more likely to be lenient with time. What have your experiences been with start dates?",0.09815950920245403,0.10122699386503067,0.10122699386503067,0.10429447852760736,0.09815950920245403,0.11042944785276074,0.10122699386503067,0.0920245398773006,0.0950920245398773,0.09815950920245403,0.9999999999956002,1.0,1.0,1.0,0.9999999999999992,2.225759656310844e-09,1.0,-1.0,0.0
f91zos6,t3_e2wut4,That's a pretty yikes answer. I asked for a 2 month break and they allowed me to start September.,male,20,venturecapital,1575006738.0,0.09523809523809523,0.1111111111111111,0.09523809523809523,0.09523809523809523,0.07936507936507936,0.09523809523809523,0.1111111111111111,0.1111111111111111,0.1111111111111111,0.09523809523809523,0.8393099216730576,0.9827097837300264,0.8845382559021743,0.8506463078533884,0.9593535674522136,0.0033877014701053487,3,-1,1,t3_e2wut4,male,90.0,11.0,0.0,False,True,True,Typical start date expectations for a new grad Venture Capital Associate?,"What are the start date expectations for a new grad starting at an associate position? Say, an MBA who graduates in June - will they expect the person to start immediately? Or can I take 3 months off and start in September/October? I'm from tech and they let you take a few months off before you start usually. I imagine that this also varies based on the size of the fund, ie larger funds are more likely to be lenient with time. What have your experiences been with start dates?",0.09815950920245403,0.10122699386503067,0.10122699386503067,0.10429447852760736,0.09815950920245403,0.11042944785276074,0.10122699386503067,0.0920245398773006,0.0950920245398773,0.09815950920245403,0.9999999999956002,1.0,1.0,1.0,0.9999999999999992,2.225759656310844e-09,1.0,-1.0,0.0
f91zos6,t3_e2wut4,That's a pretty yikes answer. I asked for a 2 month break and they allowed me to start September.,male,20,venturecapital,1575006738.0,0.09523809523809523,0.1111111111111111,0.09523809523809523,0.09523809523809523,0.07936507936507936,0.09523809523809523,0.1111111111111111,0.1111111111111111,0.1111111111111111,0.09523809523809523,0.8393099216730576,0.9827097837300264,0.8845382559021743,0.8506463078533884,0.9593535674522136,0.0033877014701053487,3,-1,1,t3_e2wut4,male,90.0,11.0,0.0,False,True,True,Typical start date expectations for a new grad Venture Capital Associate?,"What are the start date expectations for a new grad starting at an associate position? Say, an MBA who graduates in June - will they expect the person to start immediately? Or can I take 3 months off and start in September/October? I'm from tech and they let you take a few months off before you start usually. I imagine that this also varies based on the size of the fund, ie larger funds are more likely to be lenient with time. What have your experiences been with start dates?",0.09815950920245403,0.10122699386503067,0.10122699386503067,0.10429447852760736,0.09815950920245403,0.11042944785276074,0.10122699386503067,0.0920245398773006,0.0950920245398773,0.09815950920245403,0.9999999999956002,1.0,1.0,1.0,0.9999999999999992,2.225759656310844e-09,1.0,-1.0,0.0
f91zos6,t3_e2wut4,That's a pretty yikes answer. I asked for a 2 month break and they allowed me to start September.,male,20,venturecapital,1575006738.0,0.09523809523809523,0.1111111111111111,0.09523809523809523,0.09523809523809523,0.07936507936507936,0.09523809523809523,0.1111111111111111,0.1111111111111111,0.1111111111111111,0.09523809523809523,0.8393099216730576,0.9827097837300264,0.8845382559021743,0.8506463078533884,0.9593535674522136,0.0033877014701053487,3,-1,1,t3_e2wut4,male,90.0,11.0,0.0,False,True,True,Typical start date expectations for a new grad Venture Capital Associate?,"What are the start date expectations for a new grad starting at an associate position? Say, an MBA who graduates in June - will they expect the person to start immediately? Or can I take 3 months off and start in September/October? I'm from tech and they let you take a few months off before you start usually. I imagine that this also varies based on the size of the fund, ie larger funds are more likely to be lenient with time. What have your experiences been with start dates?",0.09815950920245403,0.10122699386503067,0.10122699386503067,0.10429447852760736,0.09815950920245403,0.11042944785276074,0.10122699386503067,0.0920245398773006,0.0950920245398773,0.09815950920245403,0.9999999999956002,1.0,1.0,1.0,0.9999999999999992,2.225759656310844e-09,1.0,-1.0,0.0
f91zos6,t3_e2wut4,That's a pretty yikes answer. I asked for a 2 month break and they allowed me to start September.,male,20,venturecapital,1575006738.0,0.09523809523809523,0.1111111111111111,0.09523809523809523,0.09523809523809523,0.07936507936507936,0.09523809523809523,0.1111111111111111,0.1111111111111111,0.1111111111111111,0.09523809523809523,0.8393099216730576,0.9827097837300264,0.8845382559021743,0.8506463078533884,0.9593535674522136,0.0033877014701053487,3,-1,1,t3_e2wut4,male,90.0,11.0,0.0,False,True,True,Typical start date expectations for a new grad Venture Capital Associate?,"What are the start date expectations for a new grad starting at an associate position? Say, an MBA who graduates in June - will they expect the person to start immediately? Or can I take 3 months off and start in September/October? I'm from tech and they let you take a few months off before you start usually. I imagine that this also varies based on the size of the fund, ie larger funds are more likely to be lenient with time. What have your experiences been with start dates?",0.09815950920245403,0.10122699386503067,0.10122699386503067,0.10429447852760736,0.09815950920245403,0.11042944785276074,0.10122699386503067,0.0920245398773006,0.0950920245398773,0.09815950920245403,0.9999999999956002,1.0,1.0,1.0,0.9999999999999992,2.225759656310844e-09,1.0,-1.0,0.0
f8znaq8,t3_e2wut4,"This is an ignorant ass question and if I knew a VC was asking it, I’d stay clear of letting them anywhere near my company. I want somebody who’s So. Fucking. Stoked to get started they’d start TODAY.",female,44,venturecapital,1574962616.0,0.09848484848484848,0.09848484848484848,0.09848484848484848,0.09090909090909093,0.09090909090909093,0.11363636363636365,0.10606060606060606,0.09848484848484848,0.09848484848484848,0.10606060606060606,0.9995696455909666,0.9999999363097376,0.9997589317889759,0.999993673173225,0.9999999051662676,7.064884847566915e-06,1,-3,-1,t3_e2wut4,male,90.0,11.0,0.0,False,True,True,Typical start date expectations for a new grad Venture Capital Associate?,"What are the start date expectations for a new grad starting at an associate position? Say, an MBA who graduates in June - will they expect the person to start immediately? Or can I take 3 months off and start in September/October? I'm from tech and they let you take a few months off before you start usually. I imagine that this also varies based on the size of the fund, ie larger funds are more likely to be lenient with time. What have your experiences been with start dates?",0.09815950920245403,0.10122699386503067,0.10122699386503067,0.10429447852760736,0.09815950920245403,0.11042944785276074,0.10122699386503067,0.0920245398773006,0.0950920245398773,0.09815950920245403,0.9999999999956002,1.0,1.0,1.0,0.9999999999999992,2.225759656310844e-09,1.0,-1.0,0.0
f8znaq8,t3_e2wut4,"This is an ignorant ass question and if I knew a VC was asking it, I’d stay clear of letting them anywhere near my company. I want somebody who’s So. Fucking. Stoked to get started they’d start TODAY.",female,44,venturecapital,1574962616.0,0.09848484848484848,0.09848484848484848,0.09848484848484848,0.09090909090909093,0.09090909090909093,0.11363636363636365,0.10606060606060606,0.09848484848484848,0.09848484848484848,0.10606060606060606,0.9995696455909666,0.9999999363097376,0.9997589317889759,0.999993673173225,0.9999999051662676,7.064884847566915e-06,1,-3,-1,t3_e2wut4,male,90.0,11.0,0.0,False,True,True,Typical start date expectations for a new grad Venture Capital Associate?,"What are the start date expectations for a new grad starting at an associate position? Say, an MBA who graduates in June - will they expect the person to start immediately? Or can I take 3 months off and start in September/October? I'm from tech and they let you take a few months off before you start usually. I imagine that this also varies based on the size of the fund, ie larger funds are more likely to be lenient with time. What have your experiences been with start dates?",0.09815950920245403,0.10122699386503067,0.10122699386503067,0.10429447852760736,0.09815950920245403,0.11042944785276074,0.10122699386503067,0.0920245398773006,0.0950920245398773,0.09815950920245403,0.9999999999956002,1.0,1.0,1.0,0.9999999999999992,2.225759656310844e-09,1.0,-1.0,0.0
f8znaq8,t3_e2wut4,"This is an ignorant ass question and if I knew a VC was asking it, I’d stay clear of letting them anywhere near my company. I want somebody who’s So. Fucking. Stoked to get started they’d start TODAY.",female,44,venturecapital,1574962616.0,0.09848484848484848,0.09848484848484848,0.09848484848484848,0.09090909090909093,0.09090909090909093,0.11363636363636365,0.10606060606060606,0.09848484848484848,0.09848484848484848,0.10606060606060606,0.9995696455909666,0.9999999363097376,0.9997589317889759,0.999993673173225,0.9999999051662676,7.064884847566915e-06,1,-3,-1,t3_e2wut4,male,90.0,11.0,0.0,False,True,True,Typical start date expectations for a new grad Venture Capital Associate?,"What are the start date expectations for a new grad starting at an associate position? Say, an MBA who graduates in June - will they expect the person to start immediately? Or can I take 3 months off and start in September/October? I'm from tech and they let you take a few months off before you start usually. I imagine that this also varies based on the size of the fund, ie larger funds are more likely to be lenient with time. What have your experiences been with start dates?",0.09815950920245403,0.10122699386503067,0.10122699386503067,0.10429447852760736,0.09815950920245403,0.11042944785276074,0.10122699386503067,0.0920245398773006,0.0950920245398773,0.09815950920245403,0.9999999999956002,1.0,1.0,1.0,0.9999999999999992,2.225759656310844e-09,1.0,-1.0,0.0
f8znaq8,t3_e2wut4,"This is an ignorant ass question and if I knew a VC was asking it, I’d stay clear of letting them anywhere near my company. I want somebody who’s So. Fucking. Stoked to get started they’d start TODAY.",female,44,venturecapital,1574962616.0,0.09848484848484848,0.09848484848484848,0.09848484848484848,0.09090909090909093,0.09090909090909093,0.11363636363636365,0.10606060606060606,0.09848484848484848,0.09848484848484848,0.10606060606060606,0.9995696455909666,0.9999999363097376,0.9997589317889759,0.999993673173225,0.9999999051662676,7.064884847566915e-06,1,-3,-1,t3_e2wut4,male,90.0,11.0,0.0,False,True,True,Typical start date expectations for a new grad Venture Capital Associate?,"What are the start date expectations for a new grad starting at an associate position? Say, an MBA who graduates in June - will they expect the person to start immediately? Or can I take 3 months off and start in September/October? I'm from tech and they let you take a few months off before you start usually. I imagine that this also varies based on the size of the fund, ie larger funds are more likely to be lenient with time. What have your experiences been with start dates?",0.09815950920245403,0.10122699386503067,0.10122699386503067,0.10429447852760736,0.09815950920245403,0.11042944785276074,0.10122699386503067,0.0920245398773006,0.0950920245398773,0.09815950920245403,0.9999999999956002,1.0,1.0,1.0,0.9999999999999992,2.225759656310844e-09,1.0,-1.0,0.0
f96zpj7,t3_e2wut4,"This will vary based on the fund you’re at. It’s not like I-banking where every firm follows a similar hiring calendar/has a defined approach for onboarding recent grads. If you’re joining a fund without a formal associate program, chances are the partners will be flexible. If you’re joining a fund with a more rigidly defined associate program, I’m sure they’ll communicate the intended start date to you upfront.",male,80,venturecapital,1575155855.0,0.09090909090909093,0.0950413223140496,0.09090909090909093,0.11983471074380166,0.0950413223140496,0.11983471074380166,0.1115702479338843,0.0950413223140496,0.09090909090909093,0.09090909090909093,0.9999999974252972,0.9999999999999344,0.999999990704196,0.9999999999999808,0.9999999999954226,1.6623164757833164e-11,1,-2,-1,t3_e2wut4,male,90.0,11.0,0.0,False,True,True,Typical start date expectations for a new grad Venture Capital Associate?,"What are the start date expectations for a new grad starting at an associate position? Say, an MBA who graduates in June - will they expect the person to start immediately? Or can I take 3 months off and start in September/October? I'm from tech and they let you take a few months off before you start usually. I imagine that this also varies based on the size of the fund, ie larger funds are more likely to be lenient with time. What have your experiences been with start dates?",0.09815950920245403,0.10122699386503067,0.10122699386503067,0.10429447852760736,0.09815950920245403,0.11042944785276074,0.10122699386503067,0.0920245398773006,0.0950920245398773,0.09815950920245403,0.9999999999956002,1.0,1.0,1.0,0.9999999999999992,2.225759656310844e-09,1.0,-1.0,0.0
f96zpj7,t3_e2wut4,"This will vary based on the fund you’re at. It’s not like I-banking where every firm follows a similar hiring calendar/has a defined approach for onboarding recent grads. If you’re joining a fund without a formal associate program, chances are the partners will be flexible. If you’re joining a fund with a more rigidly defined associate program, I’m sure they’ll communicate the intended start date to you upfront.",male,80,venturecapital,1575155855.0,0.09090909090909093,0.0950413223140496,0.09090909090909093,0.11983471074380166,0.0950413223140496,0.11983471074380166,0.1115702479338843,0.0950413223140496,0.09090909090909093,0.09090909090909093,0.9999999974252972,0.9999999999999344,0.999999990704196,0.9999999999999808,0.9999999999954226,1.6623164757833164e-11,1,-2,-1,t3_e2wut4,male,90.0,11.0,0.0,False,True,True,Typical start date expectations for a new grad Venture Capital Associate?,"What are the start date expectations for a new grad starting at an associate position? Say, an MBA who graduates in June - will they expect the person to start immediately? Or can I take 3 months off and start in September/October? I'm from tech and they let you take a few months off before you start usually. I imagine that this also varies based on the size of the fund, ie larger funds are more likely to be lenient with time. What have your experiences been with start dates?",0.09815950920245403,0.10122699386503067,0.10122699386503067,0.10429447852760736,0.09815950920245403,0.11042944785276074,0.10122699386503067,0.0920245398773006,0.0950920245398773,0.09815950920245403,0.9999999999956002,1.0,1.0,1.0,0.9999999999999992,2.225759656310844e-09,1.0,-1.0,0.0
f96zpj7,t3_e2wut4,"This will vary based on the fund you’re at. It’s not like I-banking where every firm follows a similar hiring calendar/has a defined approach for onboarding recent grads. If you’re joining a fund without a formal associate program, chances are the partners will be flexible. If you’re joining a fund with a more rigidly defined associate program, I’m sure they’ll communicate the intended start date to you upfront.",male,80,venturecapital,1575155855.0,0.09090909090909093,0.0950413223140496,0.09090909090909093,0.11983471074380166,0.0950413223140496,0.11983471074380166,0.1115702479338843,0.0950413223140496,0.09090909090909093,0.09090909090909093,0.9999999974252972,0.9999999999999344,0.999999990704196,0.9999999999999808,0.9999999999954226,1.6623164757833164e-11,1,-2,-1,t3_e2wut4,male,90.0,11.0,0.0,False,True,True,Typical start date expectations for a new grad Venture Capital Associate?,"What are the start date expectations for a new grad starting at an associate position? Say, an MBA who graduates in June - will they expect the person to start immediately? Or can I take 3 months off and start in September/October? I'm from tech and they let you take a few months off before you start usually. I imagine that this also varies based on the size of the fund, ie larger funds are more likely to be lenient with time. What have your experiences been with start dates?",0.09815950920245403,0.10122699386503067,0.10122699386503067,0.10429447852760736,0.09815950920245403,0.11042944785276074,0.10122699386503067,0.0920245398773006,0.0950920245398773,0.09815950920245403,0.9999999999956002,1.0,1.0,1.0,0.9999999999999992,2.225759656310844e-09,1.0,-1.0,0.0
f96zpj7,t3_e2wut4,"This will vary based on the fund you’re at. It’s not like I-banking where every firm follows a similar hiring calendar/has a defined approach for onboarding recent grads. If you’re joining a fund without a formal associate program, chances are the partners will be flexible. If you’re joining a fund with a more rigidly defined associate program, I’m sure they’ll communicate the intended start date to you upfront.",male,80,venturecapital,1575155855.0,0.09090909090909093,0.0950413223140496,0.09090909090909093,0.11983471074380166,0.0950413223140496,0.11983471074380166,0.1115702479338843,0.0950413223140496,0.09090909090909093,0.09090909090909093,0.9999999974252972,0.9999999999999344,0.999999990704196,0.9999999999999808,0.9999999999954226,1.6623164757833164e-11,1,-2,-1,t3_e2wut4,male,90.0,11.0,0.0,False,True,True,Typical start date expectations for a new grad Venture Capital Associate?,"What are the start date expectations for a new grad starting at an associate position? Say, an MBA who graduates in June - will they expect the person to start immediately? Or can I take 3 months off and start in September/October? I'm from tech and they let you take a few months off before you start usually. I imagine that this also varies based on the size of the fund, ie larger funds are more likely to be lenient with time. What have your experiences been with start dates?",0.09815950920245403,0.10122699386503067,0.10122699386503067,0.10429447852760736,0.09815950920245403,0.11042944785276074,0.10122699386503067,0.0920245398773006,0.0950920245398773,0.09815950920245403,0.9999999999956002,1.0,1.0,1.0,0.9999999999999992,2.225759656310844e-09,1.0,-1.0,0.0
